Id;Last_name;Fst_name;Key_Pub;Key_Priv
1;Dupond;Albert;(3395388853, 58853);(3395388853, 336336917)
2;Parent;Louise;(1468600901, 58013);(1468600901, 125378801)
3;Mass;Jeanne;(1302857627, 37751);(1302857627, 211684055)
4;Burrel;Sonia;(1908080729, 44549);(1908080729, 688391117)
5;Fauve;Adam;(1959122929, 43867);(1959122929, 1870297843)
6;Daumas;Emma;(2909599631, 40349);(2909599631, 2459896421)
7;Boum;Alain;(1833524761, 54117);(1833524761, 170412133)
9;Balsera;Karine;(2113504033, 53323);(2113504033, 1608393523)
10;Changeur;Antoine;(3125924353, 40511);(3125924353, 2472115811)
12;Daumass;Emma;(1727383661, 55199);(1727383661, 619648199)
13;Dupond;Alberte;(2134374779, 52483);(2134374779, 434720347)
